风机编号,时间,风速,功率,转速,状态,振动,倾斜,锚索张力,应变,开合度,沉降
F01,2026-10-05 14:00:00,8.2,2200,14.8,运行,0.15,0.30,2000,120,12.5,3.2
F02,2026-10-05 14:00:00,8.5,2400,15.3,运行,0.18,0.35,2100,135,13.1,3.5
F03,2026-10-05 14:00:00,7.9,1980,14.2,运行,0.12,0.28,1950,110,11.8,3.0
F04,2026-10-05 14:00:00,9.1,2620,16.4,运行,0.20,0.40,2200,150,14.2,3.8
F05,2026-10-05 14:00:00,6.5,1080,11.7,待机,0.10,0.22,1850,95,10.5,2.8
F06,2026-10-05 14:00:00,8.8,2480,15.8,运行,0.17,0.33,2150,140,13.5,3.6
F07,2026-10-05 14:00:00,7.2,1420,13.0,运行,0.13,0.26,1900,105,12.0,3.1
F08,2026-10-05 14:00:00,8.0,2050,14.4,运行,0.16,0.31,2050,125,12.8,3.3
F09,2026-10-05 14:00:00,8.6,2350,15.5,运行,0.19,0.36,2120,138,13.3,3.4
F10,2026-10-05 14:00:00,7.5,1680,13.5,运行,0.14,0.27,1980,115,12.2,3.2
